{"accuracy": [0.2590150237083435, 0.48948246240615845, 0.6029215455055237, 0.6661101579666138, 0.7181969881057739, 0.7627713084220886, 0.7906510829925537, 0.8259599208831787, 0.8510016798973083, 0.8803005218505859], "loss": [1.9900625944137573, 1.4345042705535889, 1.1517544984817505, 0.9738780856132507, 0.8251674175262451, 0.703411877155304, 0.6283115744590759, 0.5116195678710938, 0.4452420771121979, 0.35789015889167786], "val_accuracy": [0.3866443932056427, 0.5813021659851074, 0.6484140157699585, 0.711519181728363, 0.7502503991127014, 0.775292158126831, 0.798330545425415, 0.8166944980621338, 0.8220367431640625, 0.790317177772522], "val_loss": [1.7276955842971802, 1.226746678352356, 1.0388445854187012, 0.876339316368103, 0.7521442770957947, 0.6740742921829224, 0.6103906631469727, 0.5627291202545166, 0.5536447167396545, 0.6252772808074951]}